,Accuracy,ROC-AUC
Logistic (Diet),0.4052693901716992,0.5046912690547227
Logistic (Microbe),0.36678507992895204,0.5825026110266476
Logistic (Both),0.3996447602131439,0.5988520561847571
RandomForest (Both),0.42480757844878625,0.5956317862098554
XGBoost (Both),0.43368857312018944,0.6069953583606919
